<?xml version="1.0" encoding="utf-8" standalone="yes"?>
<edmx:Edmx Version="1.0" xmlns:edmx="http://schemas.microsoft.com/ado/2007/06/edmx">
	<edmx:DataServices m:DataServiceVersion="2.0" xmlns:m="http://schemas.microsoft.com/ado/2007/08/dataservices/metadata">
		<Schema Namespace="default" xmlns:d="http://schemas.microsoft.com/ado/2007/08/dataservices"
			xmlns:m="http://schemas.microsoft.com/ado/2007/08/dataservices/metadata" xmlns="http://schemas.microsoft.com/ado/2008/09/edm">
			<EntityType Name="DEVICEType">
				<Key>
					<PropertyRef Name="ID"/>
				</Key>
				<Property Name="ID" Type="Edm.Int32" Nullable="false"/>
				<Property Name="SERIAL_NUMBER" Type="Edm.String" MaxLength="32"/>
				<Property Name="DESCRIPTION" Type="Edm.String" MaxLength="100"/>
				<Property Name="BRAND" Type="Edm.String" MaxLength="100"/>
				<Property Name="COST" Type="Edm.Decimal" Precision="5" Scale="2"/>
				<Property Name="ENTRY_TMSTAMP" Type="Edm.DateTime"/>
			</EntityType>
			<EntityType Name="AVG_TEMP_DEVICESType">
				<Key>
					<PropertyRef Name="ID"/>
				</Key>
				<Property Name="ID" Type="Edm.Int32"/>
				<Property Name="DEVICE_ID" Type="Edm.Int32"/>
				<Property Name="TEMP" Type="Edm.Decimal" Precision="5" Scale="2"/>
			</EntityType>
			<EntityContainer Name="v2" m:IsDefaultEntityContainer="true">
				<EntitySet Name="DEVICE" EntityType="default.DEVICEType"/>
				<EntitySet Name="AVG_TEMP_DEVICES" EntityType="default.AVG_TEMP_DEVICESType"/>
			</EntityContainer>
		</Schema>
	</edmx:DataServices>
</edmx:Edmx>