[{
	"ID": 4659,
	"DEVICE_ID": 7623,
	"TEMP": 99.8,
	"__metadata": {
		"uri": "AVG_TEMP_DEVICES(4659)",
		"type": "default.AVG_TEMP_DEVICESType"
	}
}, {
	"ID": 4943,
	"DEVICE_ID": 2675,
	"TEMP": 56.1,
	"__metadata": {
		"uri": "AVG_TEMP_DEVICES(4943)",
		"type": "default.AVG_TEMP_DEVICESType"
	}
}, {
	"ID": 8370,
	"DEVICE_ID": 2832,
	"TEMP": 104.2,
	"__metadata": {
		"uri": "AVG_TEMP_DEVICES(8370)",
		"type": "default.AVG_TEMP_DEVICESType"
	}
}, {
	"ID": 8313,
	"DEVICE_ID": 3185,
	"TEMP": 176.5,
	"__metadata": {
		"uri": "AVG_TEMP_DEVICES(8313)",
		"type": "default.AVG_TEMP_DEVICESType"
	}
}, {
	"ID": 860,
	"DEVICE_ID": 2014,
	"TEMP": 77.2,
	"__metadata": {
		"uri": "AVG_TEMP_DEVICES(860)",
		"type": "default.AVG_TEMP_DEVICESType"
	}
}, {
	"ID": 6554,
	"DEVICE_ID": 2629,
	"TEMP": 88.9,
	"__metadata": {
		"uri": "AVG_TEMP_DEVICES(6554)",
		"type": "default.AVG_TEMP_DEVICESType"
	}
}, {
	"ID": 5074,
	"DEVICE_ID": 6491,
	"TEMP": 89.2,
	"__metadata": {
		"uri": "AVG_TEMP_DEVICES(5074)",
		"type": "default.AVG_TEMP_DEVICESType"
	}
}, {
	"ID": 3348,
	"DEVICE_ID": 312,
	"TEMP": 100.2,
	"__metadata": {
		"uri": "AVG_TEMP_DEVICES(3348)",
		"type": "default.AVG_TEMP_DEVICESType"
	}
}, {
	"ID": 2166,
	"DEVICE_ID": 6305,
	"TEMP": 111.7,
	"__metadata": {
		"uri": "AVG_TEMP_DEVICES(2166)",
		"type": "default.AVG_TEMP_DEVICESType"
	}
}, {
	"ID": 3821,
	"DEVICE_ID": 6582,
	"TEMP": 67.34,
	"__metadata": {
		"uri": "AVG_TEMP_DEVICES(3821)",
		"type": "default.AVG_TEMP_DEVICESType"
	}
}]