[{
	"ID": 7360,
	"SERIAL_NUMBER": "SERIAL_NUMBER 1",
	"DESCRIPTION": "DESCRIPTION 1",
	"BRAND": "BRAND 1",
	"COST": 6850.93,
	"ENTRY_TMSTAMP": "/Date(1130260281000)/",
	"__metadata": {
		"uri": "DEVICE(7360)",
		"type": "default.DEVICEType"
	}
}, {
	"ID": 2664,
	"SERIAL_NUMBER": "SERIAL_NUMBER 2",
	"DESCRIPTION": "DESCRIPTION 2",
	"BRAND": "BRAND 2",
	"COST": 8225.29,
	"ENTRY_TMSTAMP": "/Date(1016388681000)/",
	"__metadata": {
		"uri": "DEVICE(2664)",
		"type": "default.DEVICEType"
	}
}, {
	"ID": 2778,
	"SERIAL_NUMBER": "SERIAL_NUMBER 3",
	"DESCRIPTION": "DESCRIPTION 3",
	"BRAND": "BRAND 3",
	"COST": 4827.91,
	"ENTRY_TMSTAMP": "/Date(961348281000)/",
	"__metadata": {
		"uri": "DEVICE(2778)",
		"type": "default.DEVICEType"
	}
}, {
	"ID": 9476,
	"SERIAL_NUMBER": "SERIAL_NUMBER 4",
	"DESCRIPTION": "DESCRIPTION 4",
	"BRAND": "BRAND 4",
	"COST": 4649.92,
	"ENTRY_TMSTAMP": "/Date(1331745081000)/",
	"__metadata": {
		"uri": "DEVICE(9476)",
		"type": "default.DEVICEType"
	}
}, {
	"ID": 5328,
	"SERIAL_NUMBER": "SERIAL_NUMBER 5",
	"DESCRIPTION": "DESCRIPTION 5",
	"BRAND": "BRAND 5",
	"COST": 9000.97,
	"ENTRY_TMSTAMP": "/Date(1392142281000)/",
	"__metadata": {
		"uri": "DEVICE(5328)",
		"type": "default.DEVICEType"
	}
}, {
	"ID": 720,
	"SERIAL_NUMBER": "SERIAL_NUMBER 6",
	"DESCRIPTION": "DESCRIPTION 6",
	"BRAND": "BRAND 6",
	"COST": 8781.94,
	"ENTRY_TMSTAMP": "/Date(1279905081000)/",
	"__metadata": {
		"uri": "DEVICE(720)",
		"type": "default.DEVICEType"
	}
}, {
	"ID": 802,
	"SERIAL_NUMBER": "SERIAL_NUMBER 7",
	"DESCRIPTION": "DESCRIPTION 7",
	"BRAND": "BRAND 7",
	"COST": 8032.64,
	"ENTRY_TMSTAMP": "/Date(1076004681000)/",
	"__metadata": {
		"uri": "DEVICE(802)",
		"type": "default.DEVICEType"
	}
}, {
	"ID": 1630,
	"SERIAL_NUMBER": "SERIAL_NUMBER 8",
	"DESCRIPTION": "DESCRIPTION 8",
	"BRAND": "BRAND 8",
	"COST": 5967.97,
	"ENTRY_TMSTAMP": "/Date(1107627081000)/",
	"__metadata": {
		"uri": "DEVICE(1630)",
		"type": "default.DEVICEType"
	}
}, {
	"ID": 5597,
	"SERIAL_NUMBER": "SERIAL_NUMBER 9",
	"DESCRIPTION": "DESCRIPTION 9",
	"BRAND": "BRAND 9",
	"COST": 9674.9,
	"ENTRY_TMSTAMP": "/Date(1014747081000)/",
	"__metadata": {
		"uri": "DEVICE(5597)",
		"type": "default.DEVICEType"
	}
}, {
	"ID": 9016,
	"SERIAL_NUMBER": "SERIAL_NUMBER 10",
	"DESCRIPTION": "DESCRIPTION 10",
	"BRAND": "BRAND 10",
	"COST": 5284.66,
	"ENTRY_TMSTAMP": "/Date(1225995081000)/",
	"__metadata": {
		"uri": "DEVICE(9016)",
		"type": "default.DEVICEType"
	}
}]