[{
	"ID": 6043,
	"DEVICE_ID": 4782,
	"TEMP": 6043.81,
	"__metadata": {
		"uri": "AVG_TEMP_DEVICES(6043)",
		"type": "default.AVG_TEMP_DEVICESType"
	}
}, {
	"ID": 5449,
	"DEVICE_ID": 7566,
	"TEMP": 4782.39,
	"__metadata": {
		"uri": "AVG_TEMP_DEVICES(5449)",
		"type": "default.AVG_TEMP_DEVICESType"
	}
}, {
	"ID": 8708,
	"DEVICE_ID": 2500,
	"TEMP": 5449.66,
	"__metadata": {
		"uri": "AVG_TEMP_DEVICES(8708)",
		"type": "default.AVG_TEMP_DEVICESType"
	}
}, {
	"ID": 7329,
	"DEVICE_ID": 5370,
	"TEMP": 7566.99,
	"__metadata": {
		"uri": "AVG_TEMP_DEVICES(7329)",
		"type": "default.AVG_TEMP_DEVICESType"
	}
}, {
	"ID": 4086,
	"DEVICE_ID": 7640,
	"TEMP": 8708.98,
	"__metadata": {
		"uri": "AVG_TEMP_DEVICES(4086)",
		"type": "default.AVG_TEMP_DEVICESType"
	}
}, {
	"ID": 3914,
	"DEVICE_ID": 3359,
	"TEMP": 2500.55,
	"__metadata": {
		"uri": "AVG_TEMP_DEVICES(3914)",
		"type": "default.AVG_TEMP_DEVICESType"
	}
}, {
	"ID": 4605,
	"DEVICE_ID": 3684,
	"TEMP": 7329.31,
	"__metadata": {
		"uri": "AVG_TEMP_DEVICES(4605)",
		"type": "default.AVG_TEMP_DEVICESType"
	}
}, {
	"ID": 1902,
	"DEVICE_ID": 161,
	"TEMP": 5370.75,
	"__metadata": {
		"uri": "AVG_TEMP_DEVICES(1902)",
		"type": "default.AVG_TEMP_DEVICESType"
	}
}, {
	"ID": 8419,
	"DEVICE_ID": 8175,
	"TEMP": 4086.07,
	"__metadata": {
		"uri": "AVG_TEMP_DEVICES(8419)",
		"type": "default.AVG_TEMP_DEVICESType"
	}
}, {
	"ID": 1149,
	"DEVICE_ID": 4983,
	"TEMP": 7640.19,
	"__metadata": {
		"uri": "AVG_TEMP_DEVICES(1149)",
		"type": "default.AVG_TEMP_DEVICESType"
	}
}]