[{
	"ID": 9,
	"SERIAL_NUMBER": "SERIAL_NUMBER 1",
	"DESCRIPTION": "DESCRIPTION 1",
	"BRAND": "BRAND 1",
	"COST": 9.85,
	"ENTRY_TMSTAMP": "/Date(967813795000)/",
	"__metadata": {
		"uri": "DEVICE(9)",
		"type": "default.DEVICEType"
	}
}, {
	"ID": 416,
	"SERIAL_NUMBER": "SERIAL_NUMBER 2",
	"DESCRIPTION": "DESCRIPTION 2",
	"BRAND": "BRAND 2",
	"COST": 416.31,
	"ENTRY_TMSTAMP": "/Date(1114261795000)/",
	"__metadata": {
		"uri": "DEVICE(416)",
		"type": "default.DEVICEType"
	}
}, {
	"ID": 6671,
	"SERIAL_NUMBER": "SERIAL_NUMBER 3",
	"DESCRIPTION": "DESCRIPTION 3",
	"BRAND": "BRAND 3",
	"COST": 6671.92,
	"ENTRY_TMSTAMP": "/Date(1264169395000)/",
	"__metadata": {
		"uri": "DEVICE(6671)",
		"type": "default.DEVICEType"
	}
}, {
	"ID": 2613,
	"SERIAL_NUMBER": "SERIAL_NUMBER 4",
	"DESCRIPTION": "DESCRIPTION 4",
	"BRAND": "BRAND 4",
	"COST": 2613.6,
	"ENTRY_TMSTAMP": "/Date(1509196195000)/",
	"__metadata": {
		"uri": "DEVICE(2613)",
		"type": "default.DEVICEType"
	}
}, {
	"ID": 7960,
	"SERIAL_NUMBER": "SERIAL_NUMBER 5",
	"DESCRIPTION": "DESCRIPTION 5",
	"BRAND": "BRAND 5",
	"COST": 7960.43,
	"ENTRY_TMSTAMP": "/Date(1149167395000)/",
	"__metadata": {
		"uri": "DEVICE(7960)",
		"type": "default.DEVICEType"
	}
}, {
	"ID": 2584,
	"SERIAL_NUMBER": "SERIAL_NUMBER 6",
	"DESCRIPTION": "DESCRIPTION 6",
	"BRAND": "BRAND 6",
	"COST": 2584.86,
	"ENTRY_TMSTAMP": "/Date(1224680995000)/",
	"__metadata": {
		"uri": "DEVICE(2584)",
		"type": "default.DEVICEType"
	}
}, {
	"ID": 5101,
	"SERIAL_NUMBER": "SERIAL_NUMBER 7",
	"DESCRIPTION": "DESCRIPTION 7",
	"BRAND": "BRAND 7",
	"COST": 5101.49,
	"ENTRY_TMSTAMP": "/Date(1190120995000)/",
	"__metadata": {
		"uri": "DEVICE(5101)",
		"type": "default.DEVICEType"
	}
}, {
	"ID": 7638,
	"SERIAL_NUMBER": "SERIAL_NUMBER 8",
	"DESCRIPTION": "DESCRIPTION 8",
	"BRAND": "BRAND 8",
	"COST": 7638.68,
	"ENTRY_TMSTAMP": "/Date(1157720995000)/",
	"__metadata": {
		"uri": "DEVICE(7638)",
		"type": "default.DEVICEType"
	}
}, {
	"ID": 100,
	"SERIAL_NUMBER": "SERIAL_NUMBER 9",
	"DESCRIPTION": "DESCRIPTION 9",
	"BRAND": "BRAND 9",
	"COST": 100.85,
	"ENTRY_TMSTAMP": "/Date(1139234995000)/",
	"__metadata": {
		"uri": "DEVICE(100)",
		"type": "default.DEVICEType"
	}
}, {
	"ID": 8688,
	"SERIAL_NUMBER": "SERIAL_NUMBER 10",
	"DESCRIPTION": "DESCRIPTION 10",
	"BRAND": "BRAND 10",
	"COST": 8688.55,
	"ENTRY_TMSTAMP": "/Date(1405343395000)/",
	"__metadata": {
		"uri": "DEVICE(8688)",
		"type": "default.DEVICEType"
	}
}]