{
	"welcomeFile": "webapp/index.html",
	"authenticationMethod": "route",
	"routes": [ 
		{
			"source": "/wpsvc(.*)",
			"destination": "core-backend",
			"csrfProtection": true,
			"authenticationType": "xsuaa"
		}, {
			"source": "(.*)(.xsjs)",
			"destination": "core-backend",
			"csrfProtection": true,
			"authenticationType": "xsuaa"	
		}, {
			"source": "(.*)(.xsodata)",
			"destination": "core-backend",
			"csrfProtection": true,
			"authenticationType": "xsuaa"	
		}, {
			"source": "/(.*)",
			"localDir" : "resources",
			"authenticationType": "xsuaa",
			"replace": {
				"pathSuffixes" : ["index.html"],
				"vars": ["ui5liburl"]
			}
		}
	]
}